transaction_id,customer_id,basket_id,transaction_date,product_service,category,amount,branch
BSKT000001,CUS00074,BID00001,2024-03-21,Safe Deposit Box,FX,88086.27,PTN001
BSKT000002,CUS00074,BID00001,2024-03-21,Accident Insurance,Insurance,90928.44,BKK002
BSKT000003,CUS00074,BID00001,2024-03-21,Auto Loan,Loan,97933.45,PTN001
BSKT000004,CUS00065,BID00002,2024-06-22,Credit Card Classic,Card,30478.8,CMI001
BSKT000005,CUS00065,BID00002,2024-06-22,Remittance,FX,52065.05,BKK001
BSKT000006,CUS00065,BID00002,2024-06-22,Foreign Currency Exchange,FX,74436.91,KKN001
BSKT000007,CUS00065,BID00002,2024-06-22,Fixed Deposit,Deposit,81616.31,CMI001
BSKT000008,CUS00041,BID00003,2024-09-25,Current Account,Deposit,32271.6,CMI001
BSKT000009,CUS00028,BID00004,2024-02-24,Internet Banking,Digital,51522.96,CMI001
BSKT000010,CUS00028,BID00004,2024-02-24,Payroll Service,Business,1134.1,PTN001
BSKT000011,CUS00028,BID00004,2024-02-24,Current Account,Deposit,66021.06,PTN001
BSKT000012,CUS00051,BID00005,2024-07-06,Health Insurance,Insurance,87339.17,PTN001
BSKT000013,CUS00016,BID00006,2024-02-05,Internet Banking,Digital,6230.91,CMI001
BSKT000014,CUS00016,BID00006,2024-02-05,Payroll Service,Business,35142.72,BKK002
BSKT000015,CUS00016,BID00006,2024-02-05,Current Account,Deposit,67840.27,KKN001
BSKT000016,CUS00059,BID00007,2024-10-16,Credit Card Classic,Card,1464.77,KKN001
BSKT000017,CUS00059,BID00007,2024-10-16,Trade Finance,Business,38227.31,CMI001
BSKT000018,CUS00059,BID00007,2024-10-16,Mutual Fund Bond,Investment,11543.68,BKK002
BSKT000019,CUS00059,BID00007,2024-10-16,Fixed Deposit,Deposit,1975.28,PTN001
BSKT000020,CUS00082,BID00008,2024-08-24,Credit Card Platinum,Card,48598.03,BKK001
BSKT000021,CUS00082,BID00008,2024-08-24,Travel Insurance,Insurance,88614.32,CMI001
BSKT000022,CUS00082,BID00008,2024-08-24,Safe Deposit Box,FX,46537.56,KKN001
BSKT000023,CUS00082,BID00008,2024-08-24,Foreign Currency Exchange,FX,94708.2,KKN001
BSKT000024,CUS00034,BID00009,2024-08-20,Savings Account,Deposit,80403.39,CMI001
BSKT000025,CUS00034,BID00009,2024-08-20,Travel Insurance,Insurance,17181.46,BKK002
BSKT000026,CUS00034,BID00009,2024-08-20,Cash Management,Business,91541.0,CMI001
BSKT000027,CUS00034,BID00009,2024-08-20,Life Insurance,Insurance,62390.87,CMI001
BSKT000028,CUS00080,BID00010,2024-03-25,Trade Finance,Business,92578.3,CMI001
BSKT000029,CUS00080,BID00010,2024-03-25,Accident Insurance,Insurance,75173.57,PTN001
BSKT000030,CUS00080,BID00010,2024-03-25,Life Insurance,Insurance,65863.1,BKK001
BSKT000031,CUS00096,BID00011,2024-11-24,Credit Card Gold,Card,79801.47,PTN001
BSKT000032,CUS00096,BID00011,2024-11-24,Health Insurance,Insurance,8279.51,BKK001
BSKT000033,CUS00026,BID00012,2024-04-07,Fixed Deposit,Deposit,92676.9,BKK001
BSKT000034,CUS00074,BID00013,2024-07-17,Auto Loan,Loan,41634.8,BKK001
BSKT000035,CUS00018,BID00014,2024-08-02,Mobile Banking,Digital,23188.02,BKK001
BSKT000036,CUS00018,BID00014,2024-08-02,Trade Finance,Business,33788.68,BKK001
BSKT000037,CUS00095,BID00015,2024-08-28,E-Statement,Digital,86317.91,PTN001
BSKT000038,CUS00095,BID00015,2024-08-28,Mutual Fund Money Market,Investment,33230.56,PTN001
BSKT000039,CUS00095,BID00015,2024-08-28,Current Account,Deposit,13256.76,CMI001
BSKT000040,CUS00095,BID00015,2024-08-28,Savings Account,Deposit,10238.56,KKN001
BSKT000041,CUS00095,BID00015,2024-08-28,Mobile Banking,Digital,49824.1,KKN001
BSKT000042,CUS00035,BID00016,2024-04-28,Mutual Fund Bond,Investment,26207.91,BKK002
BSKT000043,CUS00035,BID00016,2024-04-28,Mutual Fund Money Market,Investment,41744.1,BKK002
BSKT000044,CUS00035,BID00016,2024-04-28,Fixed Deposit,Deposit,14158.72,KKN001
BSKT000045,CUS00070,BID00017,2024-08-15,Mutual Fund Bond,Investment,2829.81,BKK001
BSKT000046,CUS00070,BID00017,2024-08-15,Mutual Fund Money Market,Investment,15341.76,BKK002
BSKT000047,CUS00070,BID00017,2024-08-15,Fixed Deposit,Deposit,36443.07,CMI001
BSKT000048,CUS00031,BID00018,2024-05-20,Mutual Fund Bond,Investment,45180.27,KKN001
BSKT000049,CUS00074,BID00019,2024-05-24,Savings Account,Deposit,39682.79,BKK001
BSKT000050,CUS00074,BID00019,2024-05-24,Mobile Banking,Digital,34904.03,BKK001
BSKT000051,CUS00074,BID00019,2024-05-24,E-Statement,Digital,82212.69,BKK002
BSKT000052,CUS00074,BID00019,2024-05-24,SME Loan,Loan,64678.21,KKN001
BSKT000053,CUS00043,BID00020,2024-04-26,E-Statement,Digital,16470.98,KKN001
BSKT000054,CUS00043,BID00020,2024-04-26,Fixed Deposit,Deposit,61828.82,BKK001
BSKT000055,CUS00043,BID00020,2024-04-26,Mutual Fund Bond,Investment,84645.89,KKN001
BSKT000056,CUS00043,BID00020,2024-04-26,Mutual Fund Money Market,Investment,19263.37,BKK002
BSKT000057,CUS00043,BID00020,2024-04-26,Personal Loan,Loan,87389.27,KKN001
BSKT000058,CUS00091,BID00021,2024-05-10,Credit Card Platinum,Card,58962.29,KKN001
BSKT000059,CUS00091,BID00021,2024-05-10,Accident Insurance,Insurance,80218.08,KKN001
BSKT000060,CUS00091,BID00021,2024-05-10,Foreign Currency Exchange,FX,64031.04,BKK001
BSKT000061,CUS00048,BID00022,2024-08-06,Savings Account,Deposit,16814.76,KKN001
BSKT000062,CUS00048,BID00022,2024-08-06,Mobile Banking,Digital,33284.77,BKK002
BSKT000063,CUS00048,BID00022,2024-08-06,E-Statement,Digital,83524.0,BKK002
BSKT000064,CUS00098,BID00023,2024-04-04,Fixed Deposit,Deposit,79561.33,KKN001
BSKT000065,CUS00098,BID00023,2024-04-04,Mutual Fund Money Market,Investment,99274.6,PTN001
BSKT000066,CUS00098,BID00023,2024-04-04,Auto Loan,Loan,53327.75,KKN001
BSKT000067,CUS00098,BID00023,2024-04-04,Internet Banking,Digital,849.68,BKK001
BSKT000068,CUS00057,BID00024,2024-08-07,Personal Loan,Loan,28668.51,KKN001
BSKT000069,CUS00057,BID00024,2024-08-07,Mobile Banking,Digital,91997.32,BKK002
BSKT000070,CUS00057,BID00024,2024-08-07,Accident Insurance,Insurance,41727.49,BKK001
BSKT000071,CUS00039,BID00025,2024-03-28,Savings Account,Deposit,80532.84,BKK002
BSKT000072,CUS00039,BID00025,2024-03-28,Mobile Banking,Digital,30942.17,BKK001
BSKT000073,CUS00039,BID00025,2024-03-28,E-Statement,Digital,82409.45,BKK002
BSKT000074,CUS00039,BID00025,2024-03-28,Life Insurance,Insurance,25571.09,KKN001
BSKT000075,CUS00065,BID00026,2024-06-12,Savings Account,Deposit,32004.65,PTN001
BSKT000076,CUS00065,BID00026,2024-06-12,Accident Insurance,Insurance,72798.51,PTN001
BSKT000077,CUS00076,BID00027,2024-06-27,Credit Card Classic,Card,11908.49,PTN001
BSKT000078,CUS00076,BID00027,2024-06-27,Savings Account,Deposit,90087.69,BKK001
BSKT000079,CUS00076,BID00027,2024-06-27,Cash Management,Business,85034.34,CMI001
BSKT000080,CUS00008,BID00028,2024-07-17,Internet Banking,Digital,66654.98,CMI001
BSKT000081,CUS00008,BID00028,2024-07-17,Fire Insurance,Other,35410.66,BKK001
BSKT000082,CUS00008,BID00028,2024-07-17,Home Loan,Loan,59777.5,PTN001
BSKT000083,CUS00008,BID00028,2024-07-17,Life Insurance,Insurance,55236.67,BKK001
BSKT000084,CUS00034,BID00029,2024-08-10,Trade Finance,Business,39071.87,BKK002
BSKT000085,CUS00034,BID00029,2024-08-10,SME Loan,Loan,71658.27,BKK002
BSKT000086,CUS00034,BID00029,2024-08-10,Cash Management,Business,71870.64,KKN001
BSKT000087,CUS00034,BID00029,2024-08-10,Health Insurance,Insurance,81087.71,CMI001
BSKT000088,CUS00034,BID00029,2024-08-10,Personal Loan,Loan,35424.84,CMI001
BSKT000089,CUS00037,BID00030,2024-06-22,Personal Loan,Loan,41800.48,PTN001
BSKT000090,CUS00037,BID00030,2024-06-22,Fixed Deposit,Deposit,85654.82,BKK002
BSKT000091,CUS00037,BID00030,2024-06-22,Internet Banking,Digital,86821.43,KKN001
BSKT000092,CUS00085,BID00031,2024-03-14,Mutual Fund Bond,Investment,53471.58,BKK002
BSKT000093,CUS00085,BID00031,2024-03-14,SME Loan,Loan,67897.97,KKN001
BSKT000094,CUS00085,BID00031,2024-03-14,Accident Insurance,Insurance,76092.32,BKK001
BSKT000095,CUS00085,BID00031,2024-03-14,Auto Loan,Loan,61462.51,PTN001
BSKT000096,CUS00025,BID00032,2024-03-11,E-Statement,Digital,75574.57,CMI001
BSKT000097,CUS00025,BID00032,2024-03-11,Mutual Fund Bond,Investment,17594.1,CMI001
BSKT000098,CUS00025,BID00032,2024-03-11,Life Insurance,Insurance,17782.71,BKK001
BSKT000099,CUS00015,BID00033,2024-09-03,Cash Management,Business,55187.27,KKN001
BSKT000100,CUS00015,BID00033,2024-09-03,Auto Loan,Loan,54240.43,BKK001
BSKT000101,CUS00083,BID00034,2024-08-20,Remittance,FX,87676.59,KKN001
BSKT000102,CUS00083,BID00034,2024-08-20,E-Statement,Digital,38321.6,PTN001
BSKT000103,CUS00083,BID00034,2024-08-20,Safe Deposit Box,FX,36843.32,KKN001
BSKT000104,CUS00083,BID00034,2024-08-20,Savings Account,Deposit,87968.33,BKK002
BSKT000105,CUS00083,BID00034,2024-08-20,Mobile Banking,Digital,91062.31,BKK002
BSKT000106,CUS00064,BID00035,2024-12-10,Payroll Service,Business,51971.04,BKK002
BSKT000107,CUS00064,BID00035,2024-12-10,SME Loan,Loan,21001.46,BKK002
BSKT000108,CUS00064,BID00035,2024-12-10,Health Insurance,Insurance,20771.31,CMI001
BSKT000109,CUS00071,BID00036,2024-04-26,Fire Insurance,Other,22965.85,KKN001
BSKT000110,CUS00071,BID00036,2024-04-26,Home Loan,Loan,75924.88,KKN001
BSKT000111,CUS00071,BID00036,2024-04-26,Life Insurance,Insurance,8130.41,PTN001
BSKT000112,CUS00047,BID00037,2024-05-13,Mutual Fund Growth,Investment,6823.84,CMI001
BSKT000113,CUS00047,BID00037,2024-05-13,Mutual Fund Bond,Investment,15707.91,CMI001
BSKT000114,CUS00026,BID00038,2024-04-04,Trade Finance,Business,54755.45,BKK001
BSKT000115,CUS00026,BID00038,2024-04-04,Accident Insurance,Insurance,81780.82,PTN001
BSKT000116,CUS00026,BID00038,2024-04-04,Auto Loan,Loan,66157.3,BKK001
BSKT000117,CUS00004,BID00039,2024-07-18,Mutual Fund Growth,Investment,88659.53,BKK002
BSKT000118,CUS00004,BID00039,2024-07-18,Accident Insurance,Insurance,50752.97,PTN001
BSKT000119,CUS00004,BID00039,2024-07-18,Auto Loan,Loan,33807.89,BKK002
BSKT000120,CUS00013,BID00040,2024-01-23,Savings Account,Deposit,85370.4,PTN001
BSKT000121,CUS00013,BID00040,2024-01-23,Payroll Service,Business,48589.27,KKN001
BSKT000122,CUS00013,BID00040,2024-01-23,Mutual Fund Money Market,Investment,40062.76,KKN001
BSKT000123,CUS00090,BID00041,2024-02-07,Personal Loan,Loan,38348.52,CMI001
BSKT000124,CUS00090,BID00041,2024-02-07,Internet Banking,Digital,81919.49,BKK002
BSKT000125,CUS00090,BID00041,2024-02-07,Mutual Fund Bond,Investment,87350.83,CMI001
BSKT000126,CUS00090,BID00041,2024-02-07,Life Insurance,Insurance,34244.73,CMI001
BSKT000127,CUS00080,BID00042,2024-05-04,Internet Banking,Digital,90527.33,CMI001
BSKT000128,CUS00080,BID00042,2024-05-04,Credit Card Platinum,Card,59452.03,KKN001
BSKT000129,CUS00080,BID00042,2024-05-04,Payroll Service,Business,79905.16,BKK002
BSKT000130,CUS00080,BID00042,2024-05-04,Current Account,Deposit,22769.02,PTN001
BSKT000131,CUS00011,BID00043,2024-04-18,Mutual Fund Growth,Investment,66134.95,CMI001
BSKT000132,CUS00011,BID00043,2024-04-18,Mutual Fund Bond,Investment,87531.52,PTN001
BSKT000133,CUS00011,BID00043,2024-04-18,Credit Card Gold,Card,81705.93,BKK002
BSKT000134,CUS00011,BID00043,2024-04-18,Internet Banking,Digital,97294.05,BKK001
BSKT000135,CUS00083,BID00044,2024-07-19,Personal Loan,Loan,1114.67,BKK001
BSKT000136,CUS00083,BID00044,2024-07-19,E-Statement,Digital,97648.82,PTN001
BSKT000137,CUS00083,BID00044,2024-07-19,Accident Insurance,Insurance,87930.21,CMI001
BSKT000138,CUS00083,BID00044,2024-07-19,Health Insurance,Insurance,7365.55,BKK002
BSKT000139,CUS00085,BID00045,2024-03-15,E-Statement,Digital,2272.35,KKN001
BSKT000140,CUS00043,BID00046,2024-12-09,Mobile Banking,Digital,13677.59,KKN001
BSKT000141,CUS00043,BID00046,2024-12-09,Safe Deposit Box,FX,87294.94,BKK002
BSKT000142,CUS00043,BID00046,2024-12-09,Health Insurance,Insurance,5961.36,KKN001
BSKT000143,CUS00096,BID00047,2024-01-09,Trade Finance,Business,88329.39,KKN001
BSKT000144,CUS00096,BID00047,2024-01-09,Health Insurance,Insurance,8486.11,BKK002
BSKT000145,CUS00075,BID00048,2024-02-24,Fire Insurance,Other,80900.02,CMI001
BSKT000146,CUS00075,BID00048,2024-02-24,Trade Finance,Business,17733.68,CMI001
BSKT000147,CUS00075,BID00048,2024-02-24,Home Loan,Loan,5153.86,BKK002
BSKT000148,CUS00075,BID00048,2024-02-24,Life Insurance,Insurance,46193.09,BKK001
BSKT000149,CUS00001,BID00049,2024-03-20,Personal Loan,Loan,6886.26,PTN001
BSKT000150,CUS00001,BID00049,2024-03-20,Remittance,FX,46798.91,KKN001
BSKT000151,CUS00001,BID00049,2024-03-20,E-Statement,Digital,44511.12,KKN001
BSKT000152,CUS00001,BID00049,2024-03-20,Internet Banking,Digital,96198.56,CMI001
BSKT000153,CUS00072,BID00050,2024-08-28,Life Insurance,Insurance,58239.25,BKK002
BSKT000154,CUS00072,BID00050,2024-08-28,Mutual Fund Money Market,Investment,90257.19,CMI001
BSKT000155,CUS00072,BID00050,2024-08-28,Home Loan,Loan,28579.39,PTN001
BSKT000156,CUS00072,BID00050,2024-08-28,Personal Loan,Loan,70432.36,KKN001
BSKT000157,CUS00072,BID00050,2024-08-28,Fire Insurance,Other,20068.41,BKK002
BSKT000158,CUS00047,BID00051,2024-09-21,Trade Finance,Business,1658.95,BKK001
BSKT000159,CUS00047,BID00051,2024-09-21,Cash Management,Business,67633.39,BKK001
BSKT000160,CUS00047,BID00051,2024-09-21,Foreign Currency Exchange,FX,26672.8,KKN001
BSKT000161,CUS00047,BID00051,2024-09-21,SME Loan,Loan,37933.32,KKN001
BSKT000162,CUS00036,BID00052,2024-06-07,Fixed Deposit,Deposit,19277.16,KKN001
BSKT000163,CUS00036,BID00052,2024-06-07,Home Loan,Loan,34042.77,BKK001
BSKT000164,CUS00036,BID00052,2024-06-07,Health Insurance,Insurance,41540.66,CMI001
BSKT000165,CUS00042,BID00053,2024-02-10,Personal Loan,Loan,37810.57,BKK001
BSKT000166,CUS00042,BID00053,2024-02-10,Savings Account,Deposit,99192.63,BKK002
BSKT000167,CUS00042,BID00053,2024-02-10,Trade Finance,Business,16841.39,KKN001
BSKT000168,CUS00042,BID00053,2024-02-10,Cash Management,Business,77498.9,KKN001
BSKT000169,CUS00067,BID00054,2024-01-25,Current Account,Deposit,41532.32,BKK002
BSKT000170,CUS00067,BID00054,2024-01-25,Credit Card Gold,Card,95580.69,CMI001
BSKT000171,CUS00067,BID00054,2024-01-25,Auto Loan,Loan,87230.8,CMI001
BSKT000172,CUS00067,BID00054,2024-01-25,Health Insurance,Insurance,93844.03,KKN001
BSKT000173,CUS00031,BID00055,2024-06-22,Accident Insurance,Insurance,5355.29,CMI001
BSKT000174,CUS00064,BID00056,2024-06-07,Personal Loan,Loan,72039.55,CMI001
BSKT000175,CUS00064,BID00056,2024-06-07,Mutual Fund Growth,Investment,28127.35,CMI001
BSKT000176,CUS00064,BID00056,2024-06-07,Credit Card Gold,Card,76103.61,BKK001
BSKT000177,CUS00064,BID00056,2024-06-07,Life Insurance,Insurance,41686.92,BKK002
BSKT000178,CUS00007,BID00057,2024-10-08,Accident Insurance,Insurance,46796.2,CMI001
BSKT000179,CUS00007,BID00057,2024-10-08,Auto Loan,Loan,12569.23,PTN001
BSKT000180,CUS00062,BID00058,2024-02-18,Fixed Deposit,Deposit,8123.25,BKK002
BSKT000181,CUS00062,BID00058,2024-02-18,Travel Insurance,Insurance,70515.64,CMI001
BSKT000182,CUS00062,BID00058,2024-02-18,Cash Management,Business,32873.37,BKK001
BSKT000183,CUS00062,BID00058,2024-02-18,Mutual Fund Bond,Investment,58496.45,PTN001
BSKT000184,CUS00062,BID00058,2024-02-18,Mutual Fund Money Market,Investment,39464.7,BKK001
BSKT000185,CUS00100,BID00059,2024-02-06,Mutual Fund Growth,Investment,57770.92,BKK001
BSKT000186,CUS00100,BID00059,2024-02-06,Mutual Fund Bond,Investment,45946.03,BKK001
BSKT000187,CUS00082,BID00060,2024-02-28,Credit Card Platinum,Card,42780.82,BKK001
BSKT000188,CUS00082,BID00060,2024-02-28,Travel Insurance,Insurance,16563.71,KKN001
BSKT000189,CUS00082,BID00060,2024-02-28,Fixed Deposit,Deposit,46793.72,KKN001
BSKT000190,CUS00082,BID00060,2024-02-28,Current Account,Deposit,12883.48,BKK002
BSKT000191,CUS00037,BID00061,2024-05-02,Mutual Fund Growth,Investment,67986.75,BKK002
BSKT000192,CUS00037,BID00061,2024-05-02,Mutual Fund Bond,Investment,85389.48,BKK001
BSKT000193,CUS00037,BID00061,2024-05-02,SME Loan,Loan,85434.13,BKK001
BSKT000194,CUS00063,BID00062,2024-11-01,Credit Card Platinum,Card,60833.65,BKK002
BSKT000195,CUS00063,BID00062,2024-11-01,Travel Insurance,Insurance,1778.45,BKK002
BSKT000196,CUS00056,BID00063,2024-10-05,Accident Insurance,Insurance,3944.27,KKN001
BSKT000197,CUS00056,BID00063,2024-10-05,Auto Loan,Loan,92833.26,KKN001
BSKT000198,CUS00097,BID00064,2024-12-07,Life Insurance,Insurance,9732.05,CMI001
BSKT000199,CUS00097,BID00064,2024-12-07,Cash Management,Business,33290.44,CMI001
BSKT000200,CUS00097,BID00064,2024-12-07,Internet Banking,Digital,45230.36,BKK002
BSKT000201,CUS00096,BID00065,2024-05-24,Savings Account,Deposit,73707.62,CMI001
BSKT000202,CUS00096,BID00065,2024-05-24,Mobile Banking,Digital,76893.61,KKN001
BSKT000203,CUS00096,BID00065,2024-05-24,E-Statement,Digital,86949.58,BKK001
BSKT000204,CUS00028,BID00066,2024-10-19,Foreign Currency Exchange,FX,87091.67,BKK002
BSKT000205,CUS00028,BID00066,2024-10-19,Mutual Fund Bond,Investment,6166.17,PTN001
BSKT000206,CUS00028,BID00066,2024-10-19,Mutual Fund Money Market,Investment,80029.07,CMI001
BSKT000207,CUS00028,BID00066,2024-10-19,Fixed Deposit,Deposit,69295.28,BKK002
BSKT000208,CUS00013,BID00067,2024-10-27,Trade Finance,Business,24830.56,KKN001
BSKT000209,CUS00013,BID00067,2024-10-27,Home Loan,Loan,62723.57,CMI001
BSKT000210,CUS00013,BID00067,2024-10-27,Fixed Deposit,Deposit,68175.11,CMI001
BSKT000211,CUS00013,BID00067,2024-10-27,Accident Insurance,Insurance,46640.17,PTN001
BSKT000212,CUS00059,BID00068,2024-07-18,Foreign Currency Exchange,FX,55365.77,CMI001
BSKT000213,CUS00022,BID00069,2024-07-16,Credit Card Platinum,Card,34746.15,CMI001
BSKT000214,CUS00022,BID00069,2024-07-16,Mobile Banking,Digital,52359.2,KKN001
BSKT000215,CUS00022,BID00069,2024-07-16,Mutual Fund Money Market,Investment,78082.22,PTN001
BSKT000216,CUS00022,BID00069,2024-07-16,Fixed Deposit,Deposit,57596.12,PTN001
BSKT000217,CUS00014,BID00070,2024-05-17,Credit Card Platinum,Card,48732.98,CMI001
BSKT000218,CUS00014,BID00070,2024-05-17,Savings Account,Deposit,65058.45,BKK002
BSKT000219,CUS00014,BID00070,2024-05-17,Personal Loan,Loan,17524.05,CMI001
BSKT000220,CUS00014,BID00070,2024-05-17,Health Insurance,Insurance,93496.91,CMI001
BSKT000221,CUS00088,BID00071,2024-07-15,Home Loan,Loan,40677.15,BKK002
BSKT000222,CUS00088,BID00071,2024-07-15,Accident Insurance,Insurance,81178.04,CMI001
BSKT000223,CUS00088,BID00071,2024-07-15,Auto Loan,Loan,57922.02,BKK001
BSKT000224,CUS00088,BID00071,2024-07-15,Fixed Deposit,Deposit,66856.0,CMI001
BSKT000225,CUS00077,BID00072,2024-09-12,Savings Account,Deposit,3030.95,BKK001
BSKT000226,CUS00077,BID00072,2024-09-12,Accident Insurance,Insurance,55411.53,BKK001
BSKT000227,CUS00077,BID00072,2024-09-12,Auto Loan,Loan,37677.91,PTN001
BSKT000228,CUS00074,BID00073,2024-08-26,Trade Finance,Business,21082.21,KKN001
BSKT000229,CUS00074,BID00073,2024-08-26,Safe Deposit Box,FX,81293.86,PTN001
BSKT000230,CUS00044,BID00074,2024-09-14,Payroll Service,Business,53686.38,BKK002
BSKT000231,CUS00044,BID00074,2024-09-14,Credit Card Gold,Card,82723.8,KKN001
BSKT000232,CUS00044,BID00074,2024-09-14,SME Loan,Loan,57973.26,PTN001
BSKT000233,CUS00043,BID00075,2024-01-07,Internet Banking,Digital,28326.88,BKK002
BSKT000234,CUS00043,BID00075,2024-01-07,Payroll Service,Business,23239.97,BKK001
BSKT000235,CUS00043,BID00075,2024-01-07,Current Account,Deposit,18418.62,PTN001
BSKT000236,CUS00019,BID00076,2024-08-12,Credit Card Classic,Card,47290.88,PTN001
BSKT000237,CUS00019,BID00076,2024-08-12,Remittance,FX,22699.57,PTN001
BSKT000238,CUS00019,BID00076,2024-08-12,Internet Banking,Digital,91123.37,BKK001
BSKT000239,CUS00019,BID00076,2024-08-12,Life Insurance,Insurance,6800.66,CMI001
BSKT000240,CUS00007,BID00077,2024-09-19,Foreign Currency Exchange,FX,30839.19,PTN001
BSKT000241,CUS00007,BID00077,2024-09-19,Mutual Fund Money Market,Investment,57873.82,PTN001
BSKT000242,CUS00007,BID00077,2024-09-19,Current Account,Deposit,59245.86,KKN001
BSKT000243,CUS00008,BID00078,2024-09-20,Savings Account,Deposit,15706.22,PTN001
BSKT000244,CUS00008,BID00078,2024-09-20,Fire Insurance,Other,45712.01,PTN001
BSKT000245,CUS00008,BID00078,2024-09-20,Home Loan,Loan,24116.2,PTN001
BSKT000246,CUS00008,BID00078,2024-09-20,Life Insurance,Insurance,58937.49,CMI001
BSKT000247,CUS00048,BID00079,2024-05-08,Mobile Banking,Digital,28961.3,CMI001
BSKT000248,CUS00048,BID00079,2024-05-08,Auto Loan,Loan,68504.55,BKK001
BSKT000249,CUS00056,BID00080,2024-05-17,Remittance,FX,98412.38,CMI001
BSKT000250,CUS00056,BID00080,2024-05-17,Payroll Service,Business,22335.68,PTN001
BSKT000251,CUS00056,BID00080,2024-05-17,Internet Banking,Digital,58274.74,CMI001
BSKT000252,CUS00056,BID00080,2024-05-17,Current Account,Deposit,26394.64,BKK002
BSKT000253,CUS00056,BID00080,2024-05-17,Accident Insurance,Insurance,54934.28,CMI001
BSKT000254,CUS00090,BID00081,2024-06-25,Mutual Fund Growth,Investment,83148.31,PTN001
BSKT000255,CUS00090,BID00081,2024-06-25,Trade Finance,Business,62956.4,BKK002
BSKT000256,CUS00090,BID00081,2024-06-25,Cash Management,Business,30977.19,BKK001
BSKT000257,CUS00090,BID00081,2024-06-25,SME Loan,Loan,26856.34,PTN001
BSKT000258,CUS00080,BID00082,2024-11-02,E-Statement,Digital,1789.76,BKK001
BSKT000259,CUS00080,BID00082,2024-11-02,Credit Card Gold,Card,49316.48,PTN001
BSKT000260,CUS00048,BID00083,2024-02-25,Mutual Fund Bond,Investment,35493.96,PTN001
BSKT000261,CUS00048,BID00083,2024-02-25,Mutual Fund Money Market,Investment,10640.05,KKN001
BSKT000262,CUS00048,BID00083,2024-02-25,Fixed Deposit,Deposit,93673.57,BKK001
BSKT000263,CUS00035,BID00084,2024-03-01,Remittance,FX,10505.35,PTN001
BSKT000264,CUS00035,BID00084,2024-03-01,Home Loan,Loan,33794.6,BKK001
BSKT000265,CUS00035,BID00084,2024-03-01,Mutual Fund Money Market,Investment,11284.57,KKN001
BSKT000266,CUS00035,BID00084,2024-03-01,Auto Loan,Loan,19569.9,PTN001
BSKT000267,CUS00083,BID00085,2024-12-10,Remittance,FX,15344.65,KKN001
BSKT000268,CUS00083,BID00085,2024-12-10,Credit Card Gold,Card,52092.05,BKK001
BSKT000269,CUS00083,BID00085,2024-12-10,Fixed Deposit,Deposit,67854.08,BKK001
BSKT000270,CUS00028,BID00086,2024-04-07,SME Loan,Loan,38198.85,PTN001
BSKT000271,CUS00028,BID00086,2024-04-07,Health Insurance,Insurance,85014.67,CMI001
BSKT000272,CUS00038,BID00087,2024-09-02,Mutual Fund Bond,Investment,12730.69,KKN001
BSKT000273,CUS00038,BID00087,2024-09-02,Foreign Currency Exchange,FX,75633.58,BKK001
BSKT000274,CUS00004,BID00088,2024-04-01,Current Account,Deposit,24945.09,KKN001
BSKT000275,CUS00004,BID00088,2024-04-01,Health Insurance,Insurance,35097.53,KKN001
BSKT000276,CUS00013,BID00089,2024-08-24,Accident Insurance,Insurance,4491.8,BKK001
BSKT000277,CUS00013,BID00089,2024-08-24,Mutual Fund Bond,Investment,35016.47,BKK001
BSKT000278,CUS00016,BID00090,2024-08-21,Credit Card Classic,Card,45669.9,CMI001
BSKT000279,CUS00016,BID00090,2024-08-21,Safe Deposit Box,FX,32452.04,CMI001
BSKT000280,CUS00016,BID00090,2024-08-21,Mutual Fund Bond,Investment,64794.86,BKK001
BSKT000281,CUS00022,BID00091,2024-03-08,SME Loan,Loan,870.93,BKK001
BSKT000282,CUS00043,BID00092,2024-07-01,Mutual Fund Growth,Investment,60914.86,PTN001
BSKT000283,CUS00062,BID00093,2024-03-01,SME Loan,Loan,20319.66,CMI001
BSKT000284,CUS00082,BID00094,2024-02-25,Cash Management,Business,12349.0,CMI001
BSKT000285,CUS00082,BID00094,2024-02-25,Fixed Deposit,Deposit,57661.77,BKK001
BSKT000286,CUS00038,BID00095,2024-02-07,Personal Loan,Loan,27658.19,KKN001
BSKT000287,CUS00038,BID00095,2024-02-07,Trade Finance,Business,43791.35,KKN001
BSKT000288,CUS00038,BID00095,2024-02-07,Credit Card Gold,Card,32204.33,PTN001
BSKT000289,CUS00038,BID00095,2024-02-07,Mutual Fund Money Market,Investment,97069.2,KKN001
BSKT000290,CUS00012,BID00096,2024-05-25,Trade Finance,Business,47161.92,BKK002
BSKT000291,CUS00012,BID00096,2024-05-25,Cash Management,Business,33622.22,BKK001
BSKT000292,CUS00012,BID00096,2024-05-25,SME Loan,Loan,27181.13,KKN001
BSKT000293,CUS00012,BID00096,2024-05-25,Accident Insurance,Insurance,85346.63,CMI001
BSKT000294,CUS00059,BID00097,2024-01-21,Safe Deposit Box,FX,73685.09,PTN001
BSKT000295,CUS00059,BID00097,2024-01-21,Life Insurance,Insurance,39189.64,KKN001
BSKT000296,CUS00059,BID00097,2024-01-21,Travel Insurance,Insurance,79571.76,BKK001
BSKT000297,CUS00059,BID00097,2024-01-21,Home Loan,Loan,67087.04,BKK002
BSKT000298,CUS00059,BID00097,2024-01-21,Fire Insurance,Other,76774.85,KKN001
BSKT000299,CUS00040,BID00098,2024-03-02,Savings Account,Deposit,85706.74,KKN001
BSKT000300,CUS00040,BID00098,2024-03-02,Mobile Banking,Digital,30235.9,PTN001
BSKT000301,CUS00040,BID00098,2024-03-02,E-Statement,Digital,66677.35,KKN001
BSKT000302,CUS00049,BID00099,2024-03-28,Personal Loan,Loan,57059.26,KKN001
BSKT000303,CUS00049,BID00099,2024-03-28,Credit Card Classic,Card,33471.74,BKK001
BSKT000304,CUS00049,BID00099,2024-03-28,Mutual Fund Money Market,Investment,88563.6,CMI001
BSKT000305,CUS00049,BID00099,2024-03-28,Life Insurance,Insurance,14842.96,CMI001
BSKT000306,CUS00081,BID00100,2024-07-21,Credit Card Platinum,Card,70519.13,BKK001
BSKT000307,CUS00081,BID00100,2024-07-21,Travel Insurance,Insurance,13974.91,KKN001
BSKT000308,CUS00081,BID00100,2024-07-21,Foreign Currency Exchange,FX,59056.76,PTN001
BSKT000309,CUS00038,BID00101,2024-07-10,Safe Deposit Box,FX,47154.24,KKN001
BSKT000310,CUS00038,BID00101,2024-07-10,Foreign Currency Exchange,FX,34700.12,BKK002
BSKT000311,CUS00038,BID00101,2024-07-10,SME Loan,Loan,49413.36,BKK002
BSKT000312,CUS00038,BID00101,2024-07-10,Current Account,Deposit,73912.98,CMI001
BSKT000313,CUS00044,BID00102,2024-05-18,Credit Card Gold,Card,11947.84,PTN001
BSKT000314,CUS00044,BID00102,2024-05-18,Mutual Fund Bond,Investment,86983.82,PTN001
BSKT000315,CUS00044,BID00102,2024-05-18,Mutual Fund Money Market,Investment,42512.77,CMI001
BSKT000316,CUS00044,BID00102,2024-05-18,Fixed Deposit,Deposit,41396.92,CMI001
BSKT000317,CUS00048,BID00103,2024-05-13,SME Loan,Loan,35751.07,BKK002
BSKT000318,CUS00048,BID00103,2024-05-13,Life Insurance,Insurance,73553.54,BKK001
BSKT000319,CUS00048,BID00103,2024-05-13,Home Loan,Loan,50010.68,CMI001
BSKT000320,CUS00048,BID00103,2024-05-13,Health Insurance,Insurance,65350.44,PTN001
BSKT000321,CUS00048,BID00103,2024-05-13,Fire Insurance,Other,86058.49,KKN001
BSKT000322,CUS00096,BID00104,2024-04-05,Internet Banking,Digital,19838.16,BKK002
BSKT000323,CUS00096,BID00104,2024-04-05,Payroll Service,Business,27001.86,KKN001
BSKT000324,CUS00096,BID00104,2024-04-05,Foreign Currency Exchange,FX,66222.96,BKK001
BSKT000325,CUS00096,BID00104,2024-04-05,Current Account,Deposit,69614.59,BKK002
BSKT000326,CUS00058,BID00105,2024-06-28,Credit Card Platinum,Card,20412.2,BKK001
BSKT000327,CUS00058,BID00105,2024-06-28,Travel Insurance,Insurance,69631.61,KKN001
BSKT000328,CUS00058,BID00105,2024-06-28,Foreign Currency Exchange,FX,56519.52,CMI001
BSKT000329,CUS00064,BID00106,2024-04-13,Mutual Fund Growth,Investment,46532.33,KKN001
BSKT000330,CUS00064,BID00106,2024-04-13,Trade Finance,Business,42487.76,KKN001
BSKT000331,CUS00064,BID00106,2024-04-13,Cash Management,Business,50069.0,CMI001
BSKT000332,CUS00064,BID00106,2024-04-13,SME Loan,Loan,82908.86,KKN001
BSKT000333,CUS00051,BID00107,2024-04-12,SME Loan,Loan,87694.57,BKK001
BSKT000334,CUS00051,BID00107,2024-04-12,E-Statement,Digital,58989.4,KKN001
BSKT000335,CUS00051,BID00107,2024-04-12,Fixed Deposit,Deposit,32338.12,BKK002
BSKT000336,CUS00093,BID00108,2024-01-11,Credit Card Gold,Card,32306.91,BKK001
BSKT000337,CUS00093,BID00108,2024-01-11,Health Insurance,Insurance,84533.57,PTN001
BSKT000338,CUS00005,BID00109,2024-03-11,E-Statement,Digital,11209.62,KKN001
BSKT000339,CUS00005,BID00109,2024-03-11,Fixed Deposit,Deposit,98513.58,KKN001
BSKT000340,CUS00069,BID00110,2024-09-03,Trade Finance,Business,23035.11,PTN001
BSKT000341,CUS00069,BID00110,2024-09-03,Cash Management,Business,3100.18,KKN001
BSKT000342,CUS00069,BID00110,2024-09-03,SME Loan,Loan,63663.81,PTN001
BSKT000343,CUS00044,BID00111,2024-09-04,Mutual Fund Growth,Investment,92775.89,KKN001
BSKT000344,CUS00044,BID00111,2024-09-04,Fire Insurance,Other,4397.38,BKK002
BSKT000345,CUS00044,BID00111,2024-09-04,Home Loan,Loan,55537.35,BKK001
BSKT000346,CUS00044,BID00111,2024-09-04,Life Insurance,Insurance,32688.04,KKN001
BSKT000347,CUS00069,BID00112,2024-10-21,Remittance,FX,52860.37,KKN001
BSKT000348,CUS00069,BID00112,2024-10-21,Trade Finance,Business,36149.27,BKK001
BSKT000349,CUS00069,BID00112,2024-10-21,SME Loan,Loan,6289.51,BKK001
BSKT000350,CUS00069,BID00112,2024-10-21,Cash Management,Business,78668.63,CMI001
BSKT000351,CUS00069,BID00112,2024-10-21,Savings Account,Deposit,13087.77,BKK001
BSKT000352,CUS00049,BID00113,2024-08-25,Payroll Service,Business,52733.89,KKN001
BSKT000353,CUS00049,BID00113,2024-08-25,Fixed Deposit,Deposit,63773.36,PTN001
BSKT000354,CUS00049,BID00113,2024-08-25,Internet Banking,Digital,28139.86,CMI001
BSKT000355,CUS00049,BID00113,2024-08-25,Current Account,Deposit,85691.46,PTN001
BSKT000356,CUS00049,BID00113,2024-08-25,Personal Loan,Loan,42132.35,BKK001
BSKT000357,CUS00022,BID00114,2024-11-27,Life Insurance,Insurance,66656.36,PTN001
BSKT000358,CUS00022,BID00114,2024-11-27,Foreign Currency Exchange,FX,25214.04,BKK001
BSKT000359,CUS00022,BID00114,2024-11-27,SME Loan,Loan,19431.71,BKK001
BSKT000360,CUS00022,BID00114,2024-11-27,Current Account,Deposit,15692.38,BKK002
BSKT000361,CUS00036,BID00115,2024-02-26,Mutual Fund Bond,Investment,69909.87,CMI001
BSKT000362,CUS00036,BID00115,2024-02-26,Life Insurance,Insurance,8204.55,CMI001
BSKT000363,CUS00098,BID00116,2024-10-09,Internet Banking,Digital,30069.82,BKK001
BSKT000364,CUS00098,BID00116,2024-10-09,Payroll Service,Business,8469.71,KKN001
BSKT000365,CUS00098,BID00116,2024-10-09,Current Account,Deposit,3207.15,BKK001
BSKT000366,CUS00088,BID00117,2024-05-02,Accident Insurance,Insurance,93596.25,CMI001
BSKT000367,CUS00088,BID00117,2024-05-02,Auto Loan,Loan,52543.43,BKK001
BSKT000368,CUS00009,BID00118,2024-09-13,Mutual Fund Bond,Investment,77835.36,CMI001
BSKT000369,CUS00009,BID00118,2024-09-13,Mutual Fund Money Market,Investment,7806.46,PTN001
BSKT000370,CUS00009,BID00118,2024-09-13,Fixed Deposit,Deposit,12296.28,PTN001
BSKT000371,CUS00042,BID00119,2024-10-18,Accident Insurance,Insurance,4238.72,CMI001
BSKT000372,CUS00042,BID00119,2024-10-18,Auto Loan,Loan,3161.86,BKK002
BSKT000373,CUS00042,BID00119,2024-10-18,Fixed Deposit,Deposit,90159.96,KKN001
BSKT000374,CUS00009,BID00120,2024-06-02,Mutual Fund Bond,Investment,4418.67,PTN001
BSKT000375,CUS00009,BID00120,2024-06-02,Cash Management,Business,25408.76,PTN001
BSKT000376,CUS00009,BID00120,2024-06-02,Home Loan,Loan,64920.74,KKN001
BSKT000377,CUS00008,BID00121,2024-02-21,Personal Loan,Loan,26790.53,BKK001
BSKT000378,CUS00008,BID00121,2024-02-21,Mutual Fund Money Market,Investment,46965.24,BKK001
BSKT000379,CUS00019,BID00122,2024-04-28,Mutual Fund Growth,Investment,18987.68,BKK001
BSKT000380,CUS00019,BID00122,2024-04-28,Home Loan,Loan,87174.77,KKN001
BSKT000381,CUS00031,BID00123,2024-09-23,Mutual Fund Bond,Investment,91413.55,BKK002
BSKT000382,CUS00031,BID00123,2024-09-23,Mutual Fund Money Market,Investment,37641.67,BKK002
BSKT000383,CUS00031,BID00123,2024-09-23,Fixed Deposit,Deposit,55130.79,CMI001
BSKT000384,CUS00092,BID00124,2024-10-17,Credit Card Classic,Card,33458.7,KKN001
BSKT000385,CUS00092,BID00124,2024-10-17,Safe Deposit Box,FX,33705.83,KKN001
BSKT000386,CUS00092,BID00124,2024-10-17,Auto Loan,Loan,99024.37,BKK002
BSKT000387,CUS00053,BID00125,2024-01-25,Savings Account,Deposit,26750.35,BKK002
BSKT000388,CUS00053,BID00125,2024-01-25,Remittance,FX,58545.96,KKN001
BSKT000389,CUS00062,BID00126,2024-09-21,Internet Banking,Digital,15861.98,BKK001
BSKT000390,CUS00062,BID00126,2024-09-21,Safe Deposit Box,FX,12800.35,KKN001
BSKT000391,CUS00062,BID00126,2024-09-21,Credit Card Gold,Card,58888.67,BKK002
BSKT000392,CUS00062,BID00126,2024-09-21,Health Insurance,Insurance,18103.14,PTN001
BSKT000393,CUS00089,BID00127,2024-03-23,E-Statement,Digital,58328.36,CMI001
BSKT000394,CUS00089,BID00127,2024-03-23,Credit Card Classic,Card,14907.49,PTN001
BSKT000395,CUS00089,BID00127,2024-03-23,Savings Account,Deposit,32886.06,PTN001
BSKT000396,CUS00089,BID00127,2024-03-23,Personal Loan,Loan,20117.79,CMI001
BSKT000397,CUS00089,BID00127,2024-03-23,Mobile Banking,Digital,17638.27,CMI001
BSKT000398,CUS00008,BID00128,2024-12-11,Travel Insurance,Insurance,77928.45,BKK002
BSKT000399,CUS00008,BID00128,2024-12-11,Mutual Fund Money Market,Investment,81403.16,BKK001
BSKT000400,CUS00008,BID00128,2024-12-11,Foreign Currency Exchange,FX,79886.1,CMI001
BSKT000401,CUS00008,BID00128,2024-12-11,Credit Card Platinum,Card,64266.48,CMI001
BSKT000402,CUS00008,BID00128,2024-12-11,Auto Loan,Loan,14863.81,CMI001
BSKT000403,CUS00016,BID00129,2024-03-21,Accident Insurance,Insurance,20104.87,KKN001
BSKT000404,CUS00016,BID00129,2024-03-21,Credit Card Gold,Card,46052.24,BKK002
BSKT000405,CUS00016,BID00129,2024-03-21,SME Loan,Loan,80973.92,PTN001
BSKT000406,CUS00018,BID00130,2024-12-20,Payroll Service,Business,99379.53,KKN001
BSKT000407,CUS00018,BID00130,2024-12-20,Fixed Deposit,Deposit,40359.59,KKN001
BSKT000408,CUS00018,BID00130,2024-12-20,Internet Banking,Digital,95642.33,BKK002
BSKT000409,CUS00018,BID00130,2024-12-20,Current Account,Deposit,65966.72,CMI001
BSKT000410,CUS00018,BID00130,2024-12-20,Auto Loan,Loan,7490.27,CMI001
BSKT000411,CUS00043,BID00131,2024-04-09,Credit Card Classic,Card,37559.7,PTN001
BSKT000412,CUS00001,BID00132,2024-06-17,Mobile Banking,Digital,47185.15,BKK002
BSKT000413,CUS00096,BID00133,2024-10-03,E-Statement,Digital,24200.16,KKN001
BSKT000414,CUS00096,BID00133,2024-10-03,Life Insurance,Insurance,78032.79,CMI001
BSKT000415,CUS00096,BID00133,2024-10-03,Savings Account,Deposit,52282.68,PTN001
BSKT000416,CUS00096,BID00133,2024-10-03,Accident Insurance,Insurance,43770.13,CMI001
BSKT000417,CUS00096,BID00133,2024-10-03,Mobile Banking,Digital,37529.72,CMI001
BSKT000418,CUS00022,BID00134,2024-11-14,Internet Banking,Digital,43975.54,KKN001
BSKT000419,CUS00022,BID00134,2024-11-14,Payroll Service,Business,44084.74,KKN001
BSKT000420,CUS00022,BID00134,2024-11-14,Current Account,Deposit,59442.66,BKK002
BSKT000421,CUS00096,BID00135,2024-06-12,Trade Finance,Business,29037.74,KKN001
BSKT000422,CUS00096,BID00135,2024-06-12,Mutual Fund Money Market,Investment,78820.36,BKK002
BSKT000423,CUS00096,BID00135,2024-06-12,SME Loan,Loan,33444.75,KKN001
BSKT000424,CUS00053,BID00136,2024-12-07,E-Statement,Digital,97868.94,KKN001
BSKT000425,CUS00053,BID00136,2024-12-07,Payroll Service,Business,8888.71,KKN001
BSKT000426,CUS00053,BID00136,2024-12-07,Internet Banking,Digital,87411.87,PTN001
BSKT000427,CUS00053,BID00136,2024-12-07,Current Account,Deposit,97552.93,BKK001
BSKT000428,CUS00053,BID00136,2024-12-07,Credit Card Platinum,Card,38221.95,PTN001
BSKT000429,CUS00027,BID00137,2024-10-07,Personal Loan,Loan,11114.63,KKN001
BSKT000430,CUS00027,BID00137,2024-10-07,Trade Finance,Business,24174.44,CMI001
BSKT000431,CUS00027,BID00137,2024-10-07,Life Insurance,Insurance,10386.84,KKN001
BSKT000432,CUS00069,BID00138,2024-10-03,Savings Account,Deposit,53470.26,BKK002
BSKT000433,CUS00069,BID00138,2024-10-03,Mobile Banking,Digital,98876.36,KKN001
BSKT000434,CUS00069,BID00138,2024-10-03,E-Statement,Digital,44278.32,BKK002
BSKT000435,CUS00069,BID00138,2024-10-03,Credit Card Gold,Card,83388.32,BKK001
BSKT000436,CUS00085,BID00139,2024-12-09,Personal Loan,Loan,22841.72,KKN001
BSKT000437,CUS00085,BID00139,2024-12-09,Credit Card Platinum,Card,7034.13,BKK002
BSKT000438,CUS00085,BID00139,2024-12-09,Mobile Banking,Digital,34511.0,PTN001
BSKT000439,CUS00085,BID00139,2024-12-09,Life Insurance,Insurance,81364.19,BKK001
BSKT000440,CUS00028,BID00140,2024-01-07,Savings Account,Deposit,35291.2,KKN001
BSKT000441,CUS00028,BID00140,2024-01-07,Remittance,FX,27282.05,BKK002
BSKT000442,CUS00028,BID00140,2024-01-07,Credit Card Gold,Card,82222.49,CMI001
BSKT000443,CUS00028,BID00140,2024-01-07,Health Insurance,Insurance,66667.2,BKK001
BSKT000444,CUS00084,BID00141,2024-06-05,E-Statement,Digital,15756.06,BKK002
BSKT000445,CUS00084,BID00141,2024-06-05,SME Loan,Loan,8242.81,CMI001
BSKT000446,CUS00084,BID00141,2024-06-05,Cash Management,Business,83549.62,KKN001
BSKT000447,CUS00084,BID00141,2024-06-05,Savings Account,Deposit,84878.59,BKK001
BSKT000448,CUS00084,BID00141,2024-06-05,Mobile Banking,Digital,8998.26,CMI001
BSKT000449,CUS00034,BID00142,2024-10-15,Credit Card Classic,Card,45611.81,BKK001
BSKT000450,CUS00034,BID00142,2024-10-15,Trade Finance,Business,61181.5,PTN001
BSKT000451,CUS00034,BID00142,2024-10-15,E-Statement,Digital,74540.65,BKK001
BSKT000452,CUS00034,BID00142,2024-10-15,Personal Loan,Loan,44632.0,BKK001
BSKT000453,CUS00067,BID00143,2024-04-09,Mobile Banking,Digital,45505.84,BKK001
BSKT000454,CUS00067,BID00143,2024-04-09,Accident Insurance,Insurance,63941.99,BKK001
BSKT000455,CUS00067,BID00143,2024-04-09,Internet Banking,Digital,76361.44,CMI001
BSKT000456,CUS00021,BID00144,2024-09-13,Remittance,FX,89563.08,BKK001
BSKT000457,CUS00021,BID00144,2024-09-13,Fixed Deposit,Deposit,91754.74,PTN001
BSKT000458,CUS00076,BID00145,2024-07-14,Home Loan,Loan,33864.79,PTN001
BSKT000459,CUS00076,BID00145,2024-07-14,Accident Insurance,Insurance,34367.32,BKK001
BSKT000460,CUS00076,BID00145,2024-07-14,Foreign Currency Exchange,FX,59991.76,CMI001
BSKT000461,CUS00076,BID00145,2024-07-14,Auto Loan,Loan,62488.0,KKN001
BSKT000462,CUS00056,BID00146,2024-01-03,Credit Card Classic,Card,7260.92,BKK001
BSKT000463,CUS00056,BID00146,2024-01-03,Remittance,FX,22253.17,BKK001
BSKT000464,CUS00056,BID00146,2024-01-03,Current Account,Deposit,34824.72,CMI001
BSKT000465,CUS00061,BID00147,2024-07-14,Credit Card Gold,Card,1881.59,BKK001
BSKT000466,CUS00061,BID00147,2024-07-14,Health Insurance,Insurance,9782.44,KKN001
BSKT000467,CUS00037,BID00148,2024-09-06,Accident Insurance,Insurance,62494.45,CMI001
BSKT000468,CUS00037,BID00148,2024-09-06,Auto Loan,Loan,70018.78,BKK002
BSKT000469,CUS00053,BID00149,2024-09-16,Mutual Fund Bond,Investment,84652.6,CMI001
BSKT000470,CUS00083,BID00150,2024-09-12,Personal Loan,Loan,96182.53,BKK002
BSKT000471,CUS00083,BID00150,2024-09-12,Mutual Fund Bond,Investment,77610.38,CMI001
BSKT000472,CUS00083,BID00150,2024-09-12,Life Insurance,Insurance,69329.58,BKK001
BSKT000473,CUS00074,BID00151,2024-11-28,Internet Banking,Digital,97533.78,BKK001
BSKT000474,CUS00074,BID00151,2024-11-28,Safe Deposit Box,FX,35764.47,CMI001
BSKT000475,CUS00074,BID00151,2024-11-28,Payroll Service,Business,14059.86,KKN001
BSKT000476,CUS00074,BID00151,2024-11-28,Current Account,Deposit,27566.33,CMI001
BSKT000477,CUS00011,BID00152,2024-01-02,Trade Finance,Business,49044.69,CMI001
BSKT000478,CUS00011,BID00152,2024-01-02,Mutual Fund Money Market,Investment,88151.77,BKK001
BSKT000479,CUS00011,BID00152,2024-01-02,Current Account,Deposit,59263.6,KKN001
BSKT000480,CUS00097,BID00153,2024-04-05,SME Loan,Loan,21536.56,BKK002
BSKT000481,CUS00097,BID00153,2024-04-05,Credit Card Gold,Card,61797.87,CMI001
BSKT000482,CUS00097,BID00153,2024-04-05,Fixed Deposit,Deposit,86002.54,CMI001
BSKT000483,CUS00002,BID00154,2024-06-23,Accident Insurance,Insurance,93087.7,BKK002
BSKT000484,CUS00002,BID00154,2024-06-23,Auto Loan,Loan,8973.67,BKK001
BSKT000485,CUS00002,BID00154,2024-06-23,Internet Banking,Digital,46388.24,BKK001
BSKT000486,CUS00086,BID00155,2024-12-22,Savings Account,Deposit,97279.27,BKK001
BSKT000487,CUS00086,BID00155,2024-12-22,Credit Card Platinum,Card,65550.95,BKK002
BSKT000488,CUS00086,BID00155,2024-12-22,Credit Card Gold,Card,41174.81,BKK002
BSKT000489,CUS00086,BID00155,2024-12-22,Health Insurance,Insurance,94805.21,CMI001
BSKT000490,CUS00094,BID00156,2024-01-23,Internet Banking,Digital,86089.02,CMI001
BSKT000491,CUS00094,BID00156,2024-01-23,Payroll Service,Business,69425.7,CMI001
BSKT000492,CUS00094,BID00156,2024-01-23,Current Account,Deposit,78634.81,BKK002
BSKT000493,CUS00013,BID00157,2024-08-08,E-Statement,Digital,2295.55,CMI001
BSKT000494,CUS00013,BID00157,2024-08-08,Mutual Fund Money Market,Investment,85252.27,CMI001
BSKT000495,CUS00024,BID00158,2024-10-12,Credit Card Gold,Card,25332.34,KKN001
BSKT000496,CUS00024,BID00158,2024-10-12,Health Insurance,Insurance,26205.92,PTN001
BSKT000497,CUS00094,BID00159,2024-11-10,Fire Insurance,Other,6841.85,KKN001
BSKT000498,CUS00094,BID00159,2024-11-10,Payroll Service,Business,31008.42,BKK001
BSKT000499,CUS00094,BID00159,2024-11-10,Home Loan,Loan,10926.6,PTN001
BSKT000500,CUS00094,BID00159,2024-11-10,Life Insurance,Insurance,43939.27,KKN001
BSKT000501,CUS00008,BID00160,2024-01-23,Credit Card Platinum,Card,86704.11,CMI001
BSKT000502,CUS00008,BID00160,2024-01-23,E-Statement,Digital,44544.89,KKN001
BSKT000503,CUS00008,BID00160,2024-01-23,Safe Deposit Box,FX,27344.75,CMI001
BSKT000504,CUS00008,BID00160,2024-01-23,Life Insurance,Insurance,2171.66,PTN001
BSKT000505,CUS00045,BID00161,2024-03-27,Internet Banking,Digital,14971.66,BKK002
BSKT000506,CUS00045,BID00161,2024-03-27,Payroll Service,Business,40256.02,CMI001
BSKT000507,CUS00045,BID00161,2024-03-27,Mutual Fund Money Market,Investment,44357.01,PTN001
BSKT000508,CUS00045,BID00161,2024-03-27,Current Account,Deposit,89707.34,KKN001
BSKT000509,CUS00059,BID00162,2024-08-11,Accident Insurance,Insurance,49698.27,BKK002
BSKT000510,CUS00059,BID00162,2024-08-11,Current Account,Deposit,2875.06,CMI001
BSKT000511,CUS00040,BID00163,2024-09-20,Credit Card Classic,Card,75951.76,CMI001
BSKT000512,CUS00040,BID00163,2024-09-20,Remittance,FX,76234.45,KKN001
BSKT000513,CUS00040,BID00163,2024-09-20,Trade Finance,Business,28238.16,KKN001
BSKT000514,CUS00040,BID00163,2024-09-20,Current Account,Deposit,30458.65,CMI001
BSKT000515,CUS00087,BID00164,2024-10-10,Mutual Fund Bond,Investment,81375.21,BKK002
BSKT000516,CUS00087,BID00164,2024-10-10,Mutual Fund Money Market,Investment,14334.59,BKK001
BSKT000517,CUS00087,BID00164,2024-10-10,Fixed Deposit,Deposit,25518.66,CMI001
BSKT000518,CUS00087,BID00164,2024-10-10,Health Insurance,Insurance,85656.1,BKK002
BSKT000519,CUS00088,BID00165,2024-08-04,Personal Loan,Loan,18313.86,KKN001
BSKT000520,CUS00088,BID00165,2024-08-04,SME Loan,Loan,80507.25,CMI001
BSKT000521,CUS00088,BID00165,2024-08-04,Auto Loan,Loan,57117.66,CMI001
BSKT000522,CUS00088,BID00165,2024-08-04,Life Insurance,Insurance,47465.73,PTN001
BSKT000523,CUS00043,BID00166,2024-01-09,Travel Insurance,Insurance,56920.72,BKK001
BSKT000524,CUS00043,BID00166,2024-01-09,E-Statement,Digital,93759.71,BKK002
BSKT000525,CUS00043,BID00166,2024-01-09,Accident Insurance,Insurance,4081.1,CMI001
BSKT000526,CUS00043,BID00166,2024-01-09,Mutual Fund Money Market,Investment,9041.99,KKN001
BSKT000527,CUS00057,BID00167,2024-06-03,Fixed Deposit,Deposit,68696.42,KKN001
BSKT000528,CUS00057,BID00167,2024-06-03,Cash Management,Business,27762.13,BKK001
BSKT000529,CUS00057,BID00167,2024-06-03,Mutual Fund Bond,Investment,12273.64,PTN001
BSKT000530,CUS00057,BID00167,2024-06-03,Mutual Fund Money Market,Investment,22134.83,KKN001
BSKT000531,CUS00057,BID00167,2024-06-03,Accident Insurance,Insurance,45917.19,KKN001
BSKT000532,CUS00083,BID00168,2024-11-17,Payroll Service,Business,32725.89,KKN001
BSKT000533,CUS00083,BID00168,2024-11-17,Mutual Fund Money Market,Investment,63332.76,PTN001
BSKT000534,CUS00035,BID00169,2024-07-27,Trade Finance,Business,39810.56,KKN001
BSKT000535,CUS00035,BID00169,2024-07-27,Safe Deposit Box,FX,3177.47,PTN001
BSKT000536,CUS00035,BID00169,2024-07-27,Credit Card Gold,Card,99120.72,KKN001
BSKT000537,CUS00035,BID00169,2024-07-27,Current Account,Deposit,50446.35,CMI001
BSKT000538,CUS00069,BID00170,2024-06-28,Travel Insurance,Insurance,22312.47,PTN001
BSKT000539,CUS00069,BID00170,2024-06-28,Fixed Deposit,Deposit,10593.87,CMI001
BSKT000540,CUS00036,BID00171,2024-02-25,Credit Card Classic,Card,54586.86,BKK002
BSKT000541,CUS00036,BID00171,2024-02-25,Credit Card Platinum,Card,91258.38,BKK002
BSKT000542,CUS00075,BID00172,2024-03-01,Payroll Service,Business,10140.26,CMI001
BSKT000543,CUS00075,BID00172,2024-03-01,Mutual Fund Bond,Investment,72989.04,BKK002
BSKT000544,CUS00075,BID00172,2024-03-01,Internet Banking,Digital,80945.47,PTN001
BSKT000545,CUS00075,BID00172,2024-03-01,Current Account,Deposit,56202.57,KKN001
BSKT000546,CUS00075,BID00172,2024-03-01,Credit Card Platinum,Card,42080.3,CMI001
BSKT000547,CUS00059,BID00173,2024-04-02,Mutual Fund Growth,Investment,70069.17,CMI001
BSKT000548,CUS00059,BID00173,2024-04-02,Travel Insurance,Insurance,93643.75,BKK001
BSKT000549,CUS00059,BID00173,2024-04-02,Mutual Fund Bond,Investment,53421.53,CMI001
BSKT000550,CUS00100,BID00174,2024-10-15,Credit Card Platinum,Card,81355.29,KKN001
BSKT000551,CUS00100,BID00174,2024-10-15,Fire Insurance,Other,58209.34,BKK002
BSKT000552,CUS00100,BID00174,2024-10-15,Home Loan,Loan,35407.81,PTN001
BSKT000553,CUS00100,BID00174,2024-10-15,Life Insurance,Insurance,54943.36,CMI001
BSKT000554,CUS00016,BID00175,2024-11-06,Current Account,Deposit,91744.72,BKK001
BSKT000555,CUS00004,BID00176,2024-05-14,Cash Management,Business,84275.23,BKK001
BSKT000556,CUS00004,BID00176,2024-05-14,Auto Loan,Loan,78571.13,BKK001
BSKT000557,CUS00080,BID00177,2024-01-11,Mutual Fund Growth,Investment,49093.57,BKK001
BSKT000558,CUS00080,BID00177,2024-01-11,Mutual Fund Bond,Investment,26468.64,BKK001
BSKT000559,CUS00080,BID00177,2024-01-11,Personal Loan,Loan,96996.07,BKK001
BSKT000560,CUS00080,BID00177,2024-01-11,Internet Banking,Digital,52039.56,PTN001
BSKT000561,CUS00062,BID00178,2024-10-26,Personal Loan,Loan,28586.18,BKK001
BSKT000562,CUS00062,BID00178,2024-10-26,Life Insurance,Insurance,1861.18,PTN001
BSKT000563,CUS00080,BID00179,2024-12-20,Mutual Fund Bond,Investment,4580.97,KKN001
BSKT000564,CUS00080,BID00179,2024-12-20,Home Loan,Loan,16250.76,CMI001
BSKT000565,CUS00078,BID00180,2024-09-13,Mutual Fund Growth,Investment,52993.92,PTN001
BSKT000566,CUS00078,BID00180,2024-09-13,Savings Account,Deposit,72045.62,PTN001
BSKT000567,CUS00078,BID00180,2024-09-13,Cash Management,Business,81453.71,BKK001
BSKT000568,CUS00099,BID00181,2024-04-07,Mutual Fund Bond,Investment,87762.82,BKK001
BSKT000569,CUS00099,BID00181,2024-04-07,Mutual Fund Money Market,Investment,43868.66,PTN001
BSKT000570,CUS00099,BID00181,2024-04-07,Auto Loan,Loan,18869.31,PTN001
BSKT000571,CUS00008,BID00182,2024-12-16,Remittance,FX,39850.66,CMI001
BSKT000572,CUS00008,BID00182,2024-12-16,Mutual Fund Money Market,Investment,25555.07,BKK001
BSKT000573,CUS00098,BID00183,2024-11-14,Credit Card Platinum,Card,23851.06,BKK001
BSKT000574,CUS00098,BID00183,2024-11-14,Travel Insurance,Insurance,47471.49,CMI001
BSKT000575,CUS00098,BID00183,2024-11-14,Foreign Currency Exchange,FX,48627.21,BKK002
BSKT000576,CUS00053,BID00184,2024-07-15,Personal Loan,Loan,95049.51,BKK002
BSKT000577,CUS00053,BID00184,2024-07-15,Savings Account,Deposit,99452.22,BKK001
BSKT000578,CUS00053,BID00184,2024-07-15,Mobile Banking,Digital,72132.46,PTN001
BSKT000579,CUS00053,BID00184,2024-07-15,E-Statement,Digital,85538.03,CMI001
BSKT000580,CUS00018,BID00185,2024-11-26,Travel Insurance,Insurance,10576.77,BKK001
BSKT000581,CUS00018,BID00185,2024-11-26,Safe Deposit Box,FX,23776.3,PTN001
BSKT000582,CUS00018,BID00185,2024-11-26,Credit Card Gold,Card,67511.53,CMI001
BSKT000583,CUS00018,BID00185,2024-11-26,Home Loan,Loan,77570.86,BKK002
BSKT000584,CUS00098,BID00186,2024-04-07,Savings Account,Deposit,90315.26,KKN001
BSKT000585,CUS00098,BID00186,2024-04-07,Mobile Banking,Digital,32325.56,CMI001
BSKT000586,CUS00098,BID00186,2024-04-07,E-Statement,Digital,71640.97,PTN001
BSKT000587,CUS00098,BID00186,2024-04-07,Life Insurance,Insurance,84272.67,BKK002
BSKT000588,CUS00075,BID00187,2024-09-26,Remittance,FX,34123.12,BKK001
BSKT000589,CUS00075,BID00187,2024-09-26,Mobile Banking,Digital,40746.29,CMI001
BSKT000590,CUS00075,BID00187,2024-09-26,E-Statement,Digital,23984.46,PTN001
BSKT000591,CUS00075,BID00187,2024-09-26,Mutual Fund Money Market,Investment,9004.89,BKK001
BSKT000592,CUS00055,BID00188,2024-02-25,Life Insurance,Insurance,47470.8,PTN001
BSKT000593,CUS00055,BID00188,2024-02-25,Savings Account,Deposit,80450.6,BKK002
BSKT000594,CUS00055,BID00188,2024-02-25,Home Loan,Loan,1048.77,CMI001
BSKT000595,CUS00055,BID00188,2024-02-25,Fire Insurance,Other,69350.97,PTN001
BSKT000596,CUS00055,BID00188,2024-02-25,Mobile Banking,Digital,11799.26,CMI001
BSKT000597,CUS00012,BID00189,2024-05-02,Trade Finance,Business,35390.91,CMI001
BSKT000598,CUS00012,BID00189,2024-05-02,Auto Loan,Loan,52768.12,CMI001
BSKT000599,CUS00012,BID00189,2024-05-02,Fixed Deposit,Deposit,74171.6,KKN001
BSKT000600,CUS00014,BID00190,2024-07-07,Internet Banking,Digital,49512.47,KKN001
BSKT000601,CUS00014,BID00190,2024-07-07,Trade Finance,Business,25866.25,KKN001
BSKT000602,CUS00014,BID00190,2024-07-07,Safe Deposit Box,FX,10012.71,PTN001
BSKT000603,CUS00014,BID00190,2024-07-07,Life Insurance,Insurance,94098.26,KKN001
BSKT000604,CUS00085,BID00191,2024-08-18,Fixed Deposit,Deposit,64962.04,PTN001
BSKT000605,CUS00085,BID00191,2024-08-18,Health Insurance,Insurance,87499.96,BKK002
BSKT000606,CUS00017,BID00192,2024-11-21,Remittance,FX,96034.62,BKK002
BSKT000607,CUS00017,BID00192,2024-11-21,Mobile Banking,Digital,58687.95,PTN001
BSKT000608,CUS00017,BID00192,2024-11-21,Accident Insurance,Insurance,59405.31,KKN001
BSKT000609,CUS00017,BID00192,2024-11-21,Travel Insurance,Insurance,84945.49,BKK001
BSKT000610,CUS00007,BID00193,2024-02-13,SME Loan,Loan,62778.56,KKN001
BSKT000611,CUS00007,BID00193,2024-02-13,Travel Insurance,Insurance,72912.44,KKN001
BSKT000612,CUS00007,BID00193,2024-02-13,Foreign Currency Exchange,FX,12668.11,CMI001
BSKT000613,CUS00007,BID00193,2024-02-13,Credit Card Platinum,Card,38872.91,KKN001
BSKT000614,CUS00007,BID00193,2024-02-13,Auto Loan,Loan,1861.25,CMI001
BSKT000615,CUS00074,BID00194,2024-08-06,Travel Insurance,Insurance,3445.7,BKK002
BSKT000616,CUS00020,BID00195,2024-07-17,Travel Insurance,Insurance,34886.36,BKK002
BSKT000617,CUS00020,BID00195,2024-07-17,Accident Insurance,Insurance,22595.49,BKK002
BSKT000618,CUS00020,BID00195,2024-07-17,Auto Loan,Loan,65993.69,PTN001
BSKT000619,CUS00099,BID00196,2024-01-10,Savings Account,Deposit,57913.81,CMI001
BSKT000620,CUS00099,BID00196,2024-01-10,Credit Card Gold,Card,64483.45,BKK002
BSKT000621,CUS00099,BID00196,2024-01-10,Current Account,Deposit,98992.73,KKN001
BSKT000622,CUS00099,BID00196,2024-01-10,Health Insurance,Insurance,16507.27,PTN001
BSKT000623,CUS00074,BID00197,2024-09-12,Remittance,FX,53770.1,PTN001
BSKT000624,CUS00058,BID00198,2024-07-22,Internet Banking,Digital,10959.96,CMI001
BSKT000625,CUS00058,BID00198,2024-07-22,Credit Card Platinum,Card,40684.5,CMI001
BSKT000626,CUS00058,BID00198,2024-07-22,Payroll Service,Business,5129.4,PTN001
BSKT000627,CUS00058,BID00198,2024-07-22,Current Account,Deposit,61722.12,KKN001
BSKT000628,CUS00043,BID00199,2024-12-14,Home Loan,Loan,14993.98,CMI001
BSKT000629,CUS00043,BID00199,2024-12-14,Accident Insurance,Insurance,73195.76,PTN001
BSKT000630,CUS00043,BID00199,2024-12-14,Auto Loan,Loan,96241.36,BKK001
BSKT000631,CUS00052,BID00200,2024-01-26,Travel Insurance,Insurance,71775.55,BKK002
BSKT000632,CUS00052,BID00200,2024-01-26,Safe Deposit Box,FX,41791.18,BKK002
BSKT000633,CUS00072,BID00201,2024-10-08,Internet Banking,Digital,58956.63,BKK002
BSKT000634,CUS00072,BID00201,2024-10-08,Payroll Service,Business,82731.6,BKK001
BSKT000635,CUS00072,BID00201,2024-10-08,Home Loan,Loan,79463.71,BKK002
BSKT000636,CUS00072,BID00201,2024-10-08,Current Account,Deposit,83202.0,BKK001
BSKT000637,CUS00041,BID00202,2024-07-19,Fire Insurance,Other,29529.1,KKN001
BSKT000638,CUS00041,BID00202,2024-07-19,Payroll Service,Business,94495.42,CMI001
BSKT000639,CUS00041,BID00202,2024-07-19,Home Loan,Loan,47567.29,PTN001
BSKT000640,CUS00041,BID00202,2024-07-19,Life Insurance,Insurance,9535.37,PTN001
BSKT000641,CUS00082,BID00203,2024-11-28,Internet Banking,Digital,48919.05,PTN001
BSKT000642,CUS00082,BID00203,2024-11-28,Payroll Service,Business,57533.51,BKK001
BSKT000643,CUS00082,BID00203,2024-11-28,Current Account,Deposit,43885.48,KKN001
BSKT000644,CUS00049,BID00204,2024-06-12,Home Loan,Loan,14252.84,CMI001
BSKT000645,CUS00049,BID00204,2024-06-12,Trade Finance,Business,8668.76,PTN001
BSKT000646,CUS00049,BID00204,2024-06-12,Cash Management,Business,51936.09,KKN001
BSKT000647,CUS00049,BID00204,2024-06-12,SME Loan,Loan,12240.52,PTN001
BSKT000648,CUS00026,BID00205,2024-06-19,Internet Banking,Digital,91174.42,BKK001
BSKT000649,CUS00026,BID00205,2024-06-19,Mutual Fund Growth,Investment,99687.08,PTN001
BSKT000650,CUS00026,BID00205,2024-06-19,Payroll Service,Business,36134.45,BKK002
BSKT000651,CUS00026,BID00205,2024-06-19,Current Account,Deposit,32339.79,KKN001
BSKT000652,CUS00031,BID00206,2024-02-20,Travel Insurance,Insurance,68273.25,BKK001
BSKT000653,CUS00031,BID00206,2024-02-20,Mutual Fund Bond,Investment,39470.3,KKN001
BSKT000654,CUS00031,BID00206,2024-02-20,Foreign Currency Exchange,FX,7533.55,BKK002
BSKT000655,CUS00031,BID00206,2024-02-20,Cash Management,Business,8543.52,CMI001
BSKT000656,CUS00016,BID00207,2024-12-18,Credit Card Gold,Card,59312.33,KKN001
BSKT000657,CUS00016,BID00207,2024-12-18,Health Insurance,Insurance,1127.49,CMI001
BSKT000658,CUS00037,BID00208,2024-05-09,Mutual Fund Growth,Investment,46137.92,PTN001
BSKT000659,CUS00037,BID00208,2024-05-09,Current Account,Deposit,94626.17,BKK002
BSKT000660,CUS00056,BID00209,2024-06-20,Mobile Banking,Digital,14411.15,CMI001
BSKT000661,CUS00082,BID00210,2024-01-12,Trade Finance,Business,55647.96,BKK002
BSKT000662,CUS00082,BID00210,2024-01-12,Cash Management,Business,24587.74,KKN001
BSKT000663,CUS00082,BID00210,2024-01-12,SME Loan,Loan,46996.29,KKN001
BSKT000664,CUS00082,BID00210,2024-01-12,Life Insurance,Insurance,66220.37,BKK001
BSKT000665,CUS00100,BID00211,2024-04-27,Safe Deposit Box,FX,61313.38,CMI001
BSKT000666,CUS00100,BID00211,2024-04-27,SME Loan,Loan,73090.52,PTN001
BSKT000667,CUS00093,BID00212,2024-08-17,Trade Finance,Business,52902.96,CMI001
BSKT000668,CUS00093,BID00212,2024-08-17,Life Insurance,Insurance,26271.83,PTN001
BSKT000669,CUS00067,BID00213,2024-02-13,Personal Loan,Loan,13314.93,BKK001
BSKT000670,CUS00067,BID00213,2024-02-13,Life Insurance,Insurance,95385.51,CMI001
BSKT000671,CUS00058,BID00214,2024-08-02,Credit Card Platinum,Card,32755.2,CMI001
BSKT000672,CUS00058,BID00214,2024-08-02,Mutual Fund Bond,Investment,73113.97,KKN001
BSKT000673,CUS00058,BID00214,2024-08-02,Mutual Fund Money Market,Investment,77203.73,CMI001
BSKT000674,CUS00058,BID00214,2024-08-02,Fixed Deposit,Deposit,26359.16,BKK002
BSKT000675,CUS00024,BID00215,2024-10-04,SME Loan,Loan,36675.84,PTN001
BSKT000676,CUS00006,BID00216,2024-03-08,Internet Banking,Digital,83842.15,PTN001
BSKT000677,CUS00006,BID00216,2024-03-08,Payroll Service,Business,14779.42,CMI001
BSKT000678,CUS00006,BID00216,2024-03-08,Current Account,Deposit,73396.87,CMI001
BSKT000679,CUS00066,BID00217,2024-01-17,Fixed Deposit,Deposit,74754.52,PTN001
BSKT000680,CUS00066,BID00217,2024-01-17,Mutual Fund Bond,Investment,35750.83,KKN001
BSKT000681,CUS00066,BID00217,2024-01-17,Mutual Fund Money Market,Investment,84344.0,PTN001
BSKT000682,CUS00066,BID00217,2024-01-17,Accident Insurance,Insurance,30386.02,CMI001
BSKT000683,CUS00066,BID00217,2024-01-17,Auto Loan,Loan,12038.06,CMI001
BSKT000684,CUS00059,BID00218,2024-03-13,Fixed Deposit,Deposit,89572.71,CMI001
BSKT000685,CUS00059,BID00218,2024-03-13,Home Loan,Loan,77125.92,PTN001
BSKT000686,CUS00059,BID00218,2024-03-13,Life Insurance,Insurance,39226.85,PTN001
BSKT000687,CUS00063,BID00219,2024-02-08,Credit Card Platinum,Card,87123.16,BKK002
BSKT000688,CUS00063,BID00219,2024-02-08,Mutual Fund Bond,Investment,89825.6,KKN001
BSKT000689,CUS00063,BID00219,2024-02-08,Mutual Fund Money Market,Investment,57239.47,KKN001
BSKT000690,CUS00063,BID00219,2024-02-08,Fixed Deposit,Deposit,46137.74,KKN001
BSKT000691,CUS00088,BID00220,2024-01-22,Trade Finance,Business,27615.15,CMI001
BSKT000692,CUS00079,BID00221,2024-07-20,Accident Insurance,Insurance,89709.5,BKK001
BSKT000693,CUS00079,BID00221,2024-07-20,Mutual Fund Money Market,Investment,81416.32,BKK002
BSKT000694,CUS00092,BID00222,2024-01-02,Internet Banking,Digital,76116.79,CMI001
BSKT000695,CUS00092,BID00222,2024-01-02,Payroll Service,Business,92522.92,PTN001
BSKT000696,CUS00092,BID00222,2024-01-02,Current Account,Deposit,38078.95,BKK002
BSKT000697,CUS00045,BID00223,2024-01-01,Trade Finance,Business,1566.62,BKK002
BSKT000698,CUS00045,BID00223,2024-01-01,SME Loan,Loan,89538.36,BKK002
BSKT000699,CUS00045,BID00223,2024-01-01,Cash Management,Business,43180.91,BKK001
BSKT000700,CUS00045,BID00223,2024-01-01,Current Account,Deposit,95038.98,KKN001
BSKT000701,CUS00045,BID00223,2024-01-01,Accident Insurance,Insurance,19938.23,PTN001
BSKT000702,CUS00063,BID00224,2024-01-21,Credit Card Classic,Card,73666.56,CMI001
BSKT000703,CUS00063,BID00224,2024-01-21,Credit Card Gold,Card,63055.93,KKN001
BSKT000704,CUS00063,BID00224,2024-01-21,Home Loan,Loan,30496.47,BKK002
BSKT000705,CUS00014,BID00225,2024-10-19,Internet Banking,Digital,81652.0,KKN001
BSKT000706,CUS00014,BID00225,2024-10-19,Payroll Service,Business,96182.19,CMI001
BSKT000707,CUS00014,BID00225,2024-10-19,Current Account,Deposit,44955.01,BKK002
BSKT000708,CUS00033,BID00226,2024-03-23,Mutual Fund Growth,Investment,88051.01,PTN001
BSKT000709,CUS00033,BID00226,2024-03-23,Fixed Deposit,Deposit,58223.68,BKK001
BSKT000710,CUS00033,BID00226,2024-03-23,Life Insurance,Insurance,42893.02,PTN001
BSKT000711,CUS00073,BID00227,2024-09-22,Credit Card Gold,Card,31840.53,BKK001
BSKT000712,CUS00057,BID00228,2024-06-01,Credit Card Gold,Card,71964.42,PTN001
BSKT000713,CUS00057,BID00228,2024-06-01,Health Insurance,Insurance,53060.06,PTN001
BSKT000714,CUS00099,BID00229,2024-01-05,Internet Banking,Digital,46377.35,CMI001
BSKT000715,CUS00099,BID00229,2024-01-05,Payroll Service,Business,81299.12,KKN001
BSKT000716,CUS00099,BID00229,2024-01-05,Current Account,Deposit,5957.09,CMI001
BSKT000717,CUS00005,BID00230,2024-08-24,Mutual Fund Growth,Investment,17020.92,BKK002
BSKT000718,CUS00005,BID00230,2024-08-24,Mutual Fund Bond,Investment,18983.29,KKN001
BSKT000719,CUS00030,BID00231,2024-03-18,SME Loan,Loan,7844.33,CMI001
BSKT000720,CUS00028,BID00232,2024-01-16,Payroll Service,Business,91740.76,KKN001
BSKT000721,CUS00028,BID00232,2024-01-16,Health Insurance,Insurance,23843.71,PTN001
BSKT000722,CUS00010,BID00233,2024-04-22,Internet Banking,Digital,45279.14,PTN001
BSKT000723,CUS00010,BID00233,2024-04-22,Credit Card Gold,Card,84651.31,PTN001
BSKT000724,CUS00010,BID00233,2024-04-22,Health Insurance,Insurance,95630.42,BKK001
BSKT000725,CUS00093,BID00234,2024-03-19,Mutual Fund Growth,Investment,77753.46,BKK002
BSKT000726,CUS00093,BID00234,2024-03-19,Mutual Fund Bond,Investment,59174.98,KKN001
BSKT000727,CUS00023,BID00235,2024-06-04,Trade Finance,Business,56757.41,BKK001
BSKT000728,CUS00023,BID00235,2024-06-04,Credit Card Gold,Card,33765.33,PTN001
BSKT000729,CUS00023,BID00235,2024-06-04,Current Account,Deposit,34599.32,BKK002
BSKT000730,CUS00023,BID00235,2024-06-04,Health Insurance,Insurance,73045.31,CMI001
BSKT000731,CUS00022,BID00236,2024-02-11,Trade Finance,Business,43485.39,BKK002
BSKT000732,CUS00022,BID00236,2024-02-11,Cash Management,Business,9015.61,CMI001
BSKT000733,CUS00022,BID00236,2024-02-11,SME Loan,Loan,41851.71,CMI001
BSKT000734,CUS00022,BID00236,2024-02-11,E-Statement,Digital,37220.39,KKN001
BSKT000735,CUS00048,BID00237,2024-12-27,Credit Card Platinum,Card,65325.64,KKN001
BSKT000736,CUS00057,BID00238,2024-01-25,Credit Card Classic,Card,79108.07,BKK002
BSKT000737,CUS00057,BID00238,2024-01-25,Mutual Fund Money Market,Investment,31986.4,BKK002
BSKT000738,CUS00057,BID00239,2024-07-18,Trade Finance,Business,82293.8,BKK001
BSKT000739,CUS00057,BID00239,2024-07-18,Mutual Fund Bond,Investment,76319.35,BKK002
BSKT000740,CUS00057,BID00239,2024-07-18,Mutual Fund Money Market,Investment,19365.87,BKK001
BSKT000741,CUS00057,BID00239,2024-07-18,Life Insurance,Insurance,68168.18,PTN001
BSKT000742,CUS00089,BID00240,2024-01-25,Credit Card Classic,Card,31903.19,PTN001
BSKT000743,CUS00089,BID00240,2024-01-25,Credit Card Gold,Card,62951.85,PTN001
BSKT000744,CUS00097,BID00241,2024-05-20,Payroll Service,Business,51356.46,CMI001
BSKT000745,CUS00097,BID00241,2024-05-20,Internet Banking,Digital,74329.65,PTN001
BSKT000746,CUS00097,BID00241,2024-05-20,Current Account,Deposit,30752.66,KKN001
BSKT000747,CUS00097,BID00241,2024-05-20,Savings Account,Deposit,20027.61,BKK001
BSKT000748,CUS00097,BID00241,2024-05-20,Health Insurance,Insurance,96812.88,CMI001
BSKT000749,CUS00063,BID00242,2024-11-13,Trade Finance,Business,29280.17,KKN001
BSKT000750,CUS00063,BID00242,2024-11-13,SME Loan,Loan,62553.77,BKK002
BSKT000751,CUS00063,BID00242,2024-11-13,Life Insurance,Insurance,3509.95,BKK002
BSKT000752,CUS00063,BID00242,2024-11-13,Cash Management,Business,66560.78,PTN001
BSKT000753,CUS00063,BID00242,2024-11-13,Savings Account,Deposit,24968.47,PTN001
BSKT000754,CUS00091,BID00243,2024-08-18,Trade Finance,Business,45517.0,BKK001
BSKT000755,CUS00091,BID00243,2024-08-18,Cash Management,Business,97744.98,CMI001
BSKT000756,CUS00091,BID00243,2024-08-18,Mutual Fund Bond,Investment,17206.61,CMI001
BSKT000757,CUS00091,BID00243,2024-08-18,Life Insurance,Insurance,86139.09,BKK001
BSKT000758,CUS00048,BID00244,2024-10-04,Savings Account,Deposit,14556.31,CMI001
BSKT000759,CUS00048,BID00244,2024-10-04,Mutual Fund Bond,Investment,93364.56,CMI001
BSKT000760,CUS00048,BID00244,2024-10-04,SME Loan,Loan,63226.27,KKN001
BSKT000761,CUS00048,BID00244,2024-10-04,Internet Banking,Digital,64131.08,CMI001
BSKT000762,CUS00012,BID00245,2024-01-26,E-Statement,Digital,4186.95,CMI001
BSKT000763,CUS00012,BID00245,2024-01-26,Payroll Service,Business,16194.3,BKK001
BSKT000764,CUS00012,BID00245,2024-01-26,Internet Banking,Digital,99555.07,KKN001
BSKT000765,CUS00012,BID00245,2024-01-26,Current Account,Deposit,20713.97,CMI001
BSKT000766,CUS00012,BID00245,2024-01-26,Personal Loan,Loan,54175.08,BKK002
BSKT000767,CUS00064,BID00246,2024-09-25,Travel Insurance,Insurance,56656.3,CMI001
BSKT000768,CUS00064,BID00246,2024-09-25,Foreign Currency Exchange,FX,23922.55,KKN001
BSKT000769,CUS00079,BID00247,2024-06-09,Credit Card Platinum,Card,32870.51,BKK002
BSKT000770,CUS00079,BID00247,2024-06-09,Travel Insurance,Insurance,19873.4,PTN001
BSKT000771,CUS00079,BID00247,2024-06-09,Foreign Currency Exchange,FX,24794.0,PTN001
BSKT000772,CUS00012,BID00248,2024-04-21,Safe Deposit Box,FX,52019.27,KKN001
BSKT000773,CUS00012,BID00248,2024-04-21,Cash Management,Business,71119.42,KKN001
BSKT000774,CUS00012,BID00248,2024-04-21,SME Loan,Loan,18683.35,BKK001
BSKT000775,CUS00062,BID00249,2024-01-28,SME Loan,Loan,2260.29,PTN001
BSKT000776,CUS00062,BID00249,2024-01-28,Health Insurance,Insurance,95403.28,BKK002
BSKT000777,CUS00018,BID00250,2024-12-07,Mutual Fund Money Market,Investment,99589.61,PTN001
BSKT000778,CUS00018,BID00250,2024-12-07,Health Insurance,Insurance,81391.92,CMI001
